<?xml version="1.0" encoding="UTF-8"?>
<jcr:root xmlns:jcr="http://www.jcp.org/jcr/1.0" xmlns:nt="http://www.jcp.org/jcr/nt/1.0" xmlns:granite="http://www.adobe.com/jcr/granite/1.0" xmlns:cq="http://www.day.com/jcr/cq/1.0" xmlns:sling="http://sling.apache.org/jcr/sling/1.0"
    jcr:primaryType="nt:unstructured"
    jcr:title="Page"
    sling:resourceType="cq/gui/components/authoring/dialog"
    extraClientlibs="[cq.common.wcm,core.wcm.components.page.v3.editor,cq.wcm.msm.properties,granite.contexthub.configuration,cq.siteadmin.admin.properties,core.wcm.components.image.v3.editor]"
    helpPath="https://www.adobe.com/go/aem_cmp_page_v3"
    mode="edit"
    trackingFeature="core-components:page:v3">
    <content
        granite:class="cq-dialog-content-page"
        jcr:primaryType="nt:unstructured"
        sling:resourceType="granite/ui/components/coral/foundation/container">
        <items jcr:primaryType="nt:unstructured">
            <tabs
                granite:class="cq-siteadmin-admin-properties-tabs"
                jcr:primaryType="nt:unstructured"
                sling:resourceType="granite/ui/components/coral/foundation/tabs"
                size="L">
                <items jcr:primaryType="nt:unstructured">
                    <globalstyles
                        jcr:primaryType="nt:unstructured"
                        jcr:title="Global Styles"
                        sling:resourceType="granite/ui/components/coral/foundation/fixedcolumns">
                        <items jcr:primaryType="nt:unstructured">
                            <column
                                jcr:primaryType="nt:unstructured"
                                sling:resourceType="granite/ui/components/coral/foundation/container">
                                <items jcr:primaryType="nt:unstructured">
                                    <pagestyles
                                        jcr:primaryType="nt:unstructured"
                                        jcr:title="Page Styles"
                                        sling:resourceType="granite/ui/components/coral/foundation/form/fieldset">
                                        <items jcr:primaryType="nt:unstructured">
                                            <background
                                                cq:showOnCreate="true"
                                                jcr:primaryType="nt:unstructured"
                                                sling:resourceType="granite/ui/components/coral/foundation/form/colorfield"
                                                fieldDescription="Enter Hex Code for the page background color"
                                                fieldLabel="Background Color"
                                                name="./background"
                                                showDefaultColors="{Boolean}true"
                                                showProperties="{Boolean}true"
                                                showSwatches="{Boolean}true"
                                                variant="swatch"/>
                                            <fontcolor
                                                cq:showOnCreate="true"
                                                jcr:primaryType="nt:unstructured"
                                                sling:resourceType="granite/ui/components/coral/foundation/form/colorfield"
                                                fieldDescription="Use color palette to select of enter in the hex code for page txt."
                                                fieldLabel="Font Color"
                                                name="./fontcolor"
                                                showDefaultColors="{Boolean}false"
                                                showProperties="{Boolean}true"
                                                showSwatches="{Boolean}true"
                                                variant="swatch"/>
                                        </items>
                                    </pagestyles>
                                    <componentstyles
                                        jcr:primaryType="nt:unstructured"
                                        jcr:title="Component Styles"
                                        sling:resourceType="granite/ui/components/coral/foundation/form/fieldset">
                                        <items jcr:primaryType="nt:unstructured">
                                            <teaserstyles
                                                jcr:primaryType="nt:unstructured"
                                                jcr:title="Teaser Styles"
                                                sling:resourceType="granite/ui/components/coral/foundation/form/fieldset">
                                                <items jcr:primaryType="nt:unstructured">
                                                    <teaserfontweight
                                                        granite:class="cq-dialog-dropdown-showhide"
                                                        jcr:primaryType="nt:unstructured"
                                                        sling:resourceType="granite/ui/components/coral/foundation/form/select"
                                                        fieldLabel="Select Font Weight"
                                                        name="./teaserfontweight">
                                                        <granite:data
                                                            jcr:primaryType="nt:unstructured"
                                                            cq-dialog-dropdown-showhide-target=".list-option-listfrom-showhide-target"/>
                                                        <items jcr:primaryType="nt:unstructured">
                                                            <normal
                                                                jcr:primaryType="nt:unstructured"
                                                                text="Normal"
                                                                value="normal"/>
                                                            <bold
                                                                jcr:primaryType="nt:unstructured"
                                                                text="Bold"
                                                                value="bold"/>
                                                            <ligher
                                                                jcr:primaryType="nt:unstructured"
                                                                text="Lighter"
                                                                value="lighter"/>
                                                            <bolder
                                                                jcr:primaryType="nt:unstructured"
                                                                text="Bolder"
                                                                value="bolder"/>
                                                        </items>
                                                    </teaserfontweight>
                                                    <pretitle
                                                        jcr:primaryType="nt:unstructured"
                                                        jcr:title="Pretitle"
                                                        sling:resourceType="granite/ui/components/coral/foundation/form/fieldset">
                                                        <items jcr:primaryType="nt:unstructured">
                                                            <pretitlefontcolor
                                                                cq:showOnCreate="true"
                                                                jcr:primaryType="nt:unstructured"
                                                                sling:resourceType="granite/ui/components/coral/foundation/form/colorfield"
                                                                fieldDescription="Select color for the teaser pretitle"
                                                                fieldLabel="Pretitle Font Color"
                                                                name="./pretitlefontcolor"
                                                                showDefaultColors="{Boolean}[false]"
                                                                showProperties="{Boolean}true"
                                                                showSwatches="{Boolean}true"
                                                                variant="swatch"/>
                                                            <pretitlefontweight
                                                                granite:class="cq-dialog-dropdown-showhide"
                                                                jcr:primaryType="nt:unstructured"
                                                                sling:resourceType="granite/ui/components/coral/foundation/form/select"
                                                                fieldLabel="Select Font Weight"
                                                                name="./pretitlefontweight">
                                                                <granite:data
                                                                    jcr:primaryType="nt:unstructured"
                                                                    cq-dialog-dropdown-showhide-target=".list-option-listfrom-showhide-target"/>
                                                                <items jcr:primaryType="nt:unstructured">
                                                                    <normal
                                                                        jcr:primaryType="nt:unstructured"
                                                                        text="Normal"
                                                                        value="normal"/>
                                                                    <bold
                                                                        jcr:primaryType="nt:unstructured"
                                                                        text="Bold"
                                                                        value="bold"/>
                                                                    <ligher
                                                                        jcr:primaryType="nt:unstructured"
                                                                        text="Lighter"
                                                                        value="lighter"/>
                                                                    <bolder
                                                                        jcr:primaryType="nt:unstructured"
                                                                        text="Bolder"
                                                                        value="bolder"/>
                                                                </items>
                                                            </pretitlefontweight>
                                                            <pretitlefontsize
                                                                granite:class="cq-dialog-dropdown-showhide"
                                                                jcr:primaryType="nt:unstructured"
                                                                sling:resourceType="granite/ui/components/coral/foundation/form/select"
                                                                fieldLabel="Select Font Size"
                                                                name="./pretitlefontsize">
                                                                <granite:data
                                                                    jcr:primaryType="nt:unstructured"
                                                                    cq-dialog-dropdown-showhide-target=".list-option-listfrom-showhide-target"/>
                                                                <items jcr:primaryType="nt:unstructured">
                                                                    <xxsmall
                                                                        jcr:primaryType="nt:unstructured"
                                                                        text="xx-small"
                                                                        value="xx-small"/>
                                                                    <xsmall
                                                                        jcr:primaryType="nt:unstructured"
                                                                        text="x-small"
                                                                        value="x-small"/>
                                                                    <small
                                                                        jcr:primaryType="nt:unstructured"
                                                                        text="small"
                                                                        value="small"/>
                                                                    <medium
                                                                        jcr:primaryType="nt:unstructured"
                                                                        text="medium"
                                                                        value="medium"/>
                                                                    <large
                                                                        jcr:primaryType="nt:unstructured"
                                                                        text="large"
                                                                        value="large"/>
                                                                    <x-large
                                                                        jcr:primaryType="nt:unstructured"
                                                                        text="x-large"
                                                                        value="x-large"/>
                                                                    <xx-large
                                                                        jcr:primaryType="nt:unstructured"
                                                                        text="xx-large"
                                                                        value="xx-large"/>
                                                                    <xxx-large
                                                                        jcr:primaryType="nt:unstructured"
                                                                        text="xxx-large"
                                                                        value="xxx-large"/>
                                                                </items>
                                                            </pretitlefontsize>
                                                        </items>
                                                    </pretitle>
                                                    <title
                                                        jcr:primaryType="nt:unstructured"
                                                        jcr:title="Teaser Title"
                                                        sling:resourceType="granite/ui/components/coral/foundation/form/fieldset">
                                                        <items jcr:primaryType="nt:unstructured">
                                                            <teasertitlefontcolor
                                                                cq:showOnCreate="true"
                                                                jcr:primaryType="nt:unstructured"
                                                                sling:resourceType="granite/ui/components/coral/foundation/form/colorfield"
                                                                fieldDescription="Select color for the teaser title"
                                                                fieldLabel="Title Font Color"
                                                                name="./teasertitlefontcolor"
                                                                showDefaultColors="{Boolean}[false]"
                                                                showProperties="{Boolean}true"
                                                                showSwatches="{Boolean}true"
                                                                variant="swatch"/>
                                                            <teasertitlefontweight
                                                                granite:class="cq-dialog-dropdown-showhide"
                                                                jcr:primaryType="nt:unstructured"
                                                                sling:resourceType="granite/ui/components/coral/foundation/form/select"
                                                                fieldLabel="Select Font Weight"
                                                                name="./teasertitlefontweight">
                                                                <granite:data
                                                                    jcr:primaryType="nt:unstructured"
                                                                    cq-dialog-dropdown-showhide-target=".list-option-listfrom-showhide-target"/>
                                                                <items jcr:primaryType="nt:unstructured">
                                                                    <normal
                                                                        jcr:primaryType="nt:unstructured"
                                                                        text="Normal"
                                                                        value="normal"/>
                                                                    <bold
                                                                        jcr:primaryType="nt:unstructured"
                                                                        text="Bold"
                                                                        value="bold"/>
                                                                    <ligher
                                                                        jcr:primaryType="nt:unstructured"
                                                                        text="Lighter"
                                                                        value="lighter"/>
                                                                    <bolder
                                                                        jcr:primaryType="nt:unstructured"
                                                                        text="Bolder"
                                                                        value="bolder"/>
                                                                </items>
                                                            </teasertitlefontweight>
                                                            <teasertitlefontsize
                                                                granite:class="cq-dialog-dropdown-showhide"
                                                                jcr:primaryType="nt:unstructured"
                                                                sling:resourceType="granite/ui/components/coral/foundation/form/select"
                                                                fieldLabel="Select Font Size"
                                                                name="./teasertitlefontsize">
                                                                <granite:data
                                                                    jcr:primaryType="nt:unstructured"
                                                                    cq-dialog-dropdown-showhide-target=".list-option-listfrom-showhide-target"/>
                                                                <items jcr:primaryType="nt:unstructured">
                                                                    <xxsmall
                                                                        jcr:primaryType="nt:unstructured"
                                                                        text="xx-small"
                                                                        value="xx-small"/>
                                                                    <xsmall
                                                                        jcr:primaryType="nt:unstructured"
                                                                        text="x-small"
                                                                        value="x-small"/>
                                                                    <small
                                                                        jcr:primaryType="nt:unstructured"
                                                                        text="small"
                                                                        value="small"/>
                                                                    <medium
                                                                        jcr:primaryType="nt:unstructured"
                                                                        text="medium"
                                                                        value="medium"/>
                                                                    <large
                                                                        jcr:primaryType="nt:unstructured"
                                                                        text="large"
                                                                        value="large"/>
                                                                    <x-large
                                                                        jcr:primaryType="nt:unstructured"
                                                                        text="x-large"
                                                                        value="x-large"/>
                                                                    <xx-large
                                                                        jcr:primaryType="nt:unstructured"
                                                                        text="xx-large"
                                                                        value="xx-large"/>
                                                                    <xxx-large
                                                                        jcr:primaryType="nt:unstructured"
                                                                        text="xxx-large"
                                                                        value="xxx-large"/>
                                                                </items>
                                                            </teasertitlefontsize>
                                                        </items>
                                                    </title>
                                                    <description
                                                        jcr:primaryType="nt:unstructured"
                                                        jcr:title="Teaser Description"
                                                        sling:resourceType="granite/ui/components/coral/foundation/form/fieldset">
                                                        <items jcr:primaryType="nt:unstructured">
                                                            <desctitlefontcolor
                                                                cq:showOnCreate="true"
                                                                jcr:primaryType="nt:unstructured"
                                                                sling:resourceType="granite/ui/components/coral/foundation/form/colorfield"
                                                                fieldDescription="Select color for the teaser title"
                                                                fieldLabel="Title Font Color"
                                                                name="./desctitlefontcolor"
                                                                showDefaultColors="{Boolean}[false]"
                                                                showProperties="{Boolean}true"
                                                                showSwatches="{Boolean}true"
                                                                variant="swatch"/>
                                                            <desctitlefontweight
                                                                granite:class="cq-dialog-dropdown-showhide"
                                                                jcr:primaryType="nt:unstructured"
                                                                sling:resourceType="granite/ui/components/coral/foundation/form/select"
                                                                fieldLabel="Select Font Weight"
                                                                name="./desctitlefontweight">
                                                                <granite:data
                                                                    jcr:primaryType="nt:unstructured"
                                                                    cq-dialog-dropdown-showhide-target=".list-option-listfrom-showhide-target"/>
                                                                <items jcr:primaryType="nt:unstructured">
                                                                    <normal
                                                                        jcr:primaryType="nt:unstructured"
                                                                        text="Normal"
                                                                        value="normal"/>
                                                                    <bold
                                                                        jcr:primaryType="nt:unstructured"
                                                                        text="Bold"
                                                                        value="bold"/>
                                                                    <ligher
                                                                        jcr:primaryType="nt:unstructured"
                                                                        text="Lighter"
                                                                        value="lighter"/>
                                                                    <bolder
                                                                        jcr:primaryType="nt:unstructured"
                                                                        text="Bolder"
                                                                        value="bolder"/>
                                                                </items>
                                                            </desctitlefontweight>
                                                            <desctitlefontsize
                                                                granite:class="cq-dialog-dropdown-showhide"
                                                                jcr:primaryType="nt:unstructured"
                                                                sling:resourceType="granite/ui/components/coral/foundation/form/select"
                                                                fieldLabel="Select Font Size"
                                                                name="./desctitlefontsize">
                                                                <granite:data
                                                                    jcr:primaryType="nt:unstructured"
                                                                    cq-dialog-dropdown-showhide-target=".list-option-listfrom-showhide-target"/>
                                                                <items jcr:primaryType="nt:unstructured">
                                                                    <xxsmall
                                                                        jcr:primaryType="nt:unstructured"
                                                                        text="xx-small"
                                                                        value="xx-small"/>
                                                                    <xsmall
                                                                        jcr:primaryType="nt:unstructured"
                                                                        text="x-small"
                                                                        value="x-small"/>
                                                                    <small
                                                                        jcr:primaryType="nt:unstructured"
                                                                        text="small"
                                                                        value="small"/>
                                                                    <medium
                                                                        jcr:primaryType="nt:unstructured"
                                                                        text="medium"
                                                                        value="medium"/>
                                                                    <large
                                                                        jcr:primaryType="nt:unstructured"
                                                                        text="large"
                                                                        value="large"/>
                                                                    <x-large
                                                                        jcr:primaryType="nt:unstructured"
                                                                        text="x-large"
                                                                        value="x-large"/>
                                                                    <xx-large
                                                                        jcr:primaryType="nt:unstructured"
                                                                        text="xx-large"
                                                                        value="xx-large"/>
                                                                    <xxx-large
                                                                        jcr:primaryType="nt:unstructured"
                                                                        text="xxx-large"
                                                                        value="xxx-large"/>
                                                                </items>
                                                            </desctitlefontsize>
                                                        </items>
                                                    </description>
                                                    <backgroundborder
                                                        jcr:primaryType="nt:unstructured"
                                                        sling:resourceType="granite/ui/components/coral/foundation/form/fieldset">
                                                        <items jcr:primaryType="nt:unstructured">
                                                            <teaserbackground
                                                                cq:showOnCreate="true"
                                                                jcr:primaryType="nt:unstructured"
                                                                sling:resourceType="granite/ui/components/coral/foundation/form/colorfield"
                                                                fieldDescription="Enter Hex Code for the page teaser background color"
                                                                fieldLabel="Teaser Background Color"
                                                                name="./teaserbackground"
                                                                showDefaultColors="{Boolean}true"
                                                                showProperties="{Boolean}true"
                                                                showSwatches="{Boolean}true"
                                                                variant="swatch"/>
                                                            <teaserborderstyle
                                                                granite:class="cq-dialog-dropdown-showhide"
                                                                jcr:primaryType="nt:unstructured"
                                                                sling:resourceType="granite/ui/components/coral/foundation/form/select"
                                                                fieldLabel="Select Font Size"
                                                                name="./teaserborderstyle">
                                                                <granite:data
                                                                    jcr:primaryType="nt:unstructured"
                                                                    cq-dialog-dropdown-showhide-target=".list-option-listfrom-showhide-target"/>
                                                                <items jcr:primaryType="nt:unstructured">
                                                                    <none
                                                                        jcr:primaryType="nt:unstructured"
                                                                        text="none"
                                                                        value="none"/>
                                                                    <solid
                                                                        jcr:primaryType="nt:unstructured"
                                                                        text="solid"
                                                                        value="solid"/>
                                                                    <dashed
                                                                        jcr:primaryType="nt:unstructured"
                                                                        text="dashed"
                                                                        value="dashed"/>
                                                                    <dotted
                                                                        jcr:primaryType="nt:unstructured"
                                                                        text="dotted"
                                                                        value="dotted"/>
                                                                </items>
                                                            </teaserborderstyle>
                                                            <teaserbordersize
                                                                granite:class="cq-dialog-dropdown-showhide"
                                                                jcr:primaryType="nt:unstructured"
                                                                sling:resourceType="granite/ui/components/coral/foundation/form/select"
                                                                fieldLabel="Select Font Size"
                                                                name="./teaserbordersize">
                                                                <granite:data
                                                                    jcr:primaryType="nt:unstructured"
                                                                    cq-dialog-dropdown-showhide-target=".list-option-listfrom-showhide-target"/>
                                                                <items jcr:primaryType="nt:unstructured">
                                                                    <thin
                                                                        jcr:primaryType="nt:unstructured"
                                                                        text="thin"
                                                                        value="thin"/>
                                                                    <medium
                                                                        jcr:primaryType="nt:unstructured"
                                                                        text="medium"
                                                                        value="medium"/>
                                                                    <thick
                                                                        jcr:primaryType="nt:unstructured"
                                                                        text="thick"
                                                                        value="thick"/>
                                                                </items>
                                                            </teaserbordersize>
                                                        </items>
                                                    </backgroundborder>
                                                </items>
                                            </teaserstyles>
                                            <titlestyles
                                                jcr:primaryType="nt:unstructured"
                                                jcr:title="Title Styles"
                                                sling:resourceType="granite/ui/components/coral/foundation/form/fieldset">
                                                <items jcr:primaryType="nt:unstructured">
                                                    <titlecompfontcolor
                                                        cq:showOnCreate="true"
                                                        jcr:primaryType="nt:unstructured"
                                                        sling:resourceType="granite/ui/components/coral/foundation/form/colorfield"
                                                        fieldDescription="Select color for the teaser title"
                                                        fieldLabel="Title Font Color"
                                                        name="./titlecompfontcolor"
                                                        showDefaultColors="{Boolean}[false]"
                                                        showProperties="{Boolean}true"
                                                        showSwatches="{Boolean}true"
                                                        variant="swatch"/>
                                                </items>
                                            </titlestyles>
                                        </items>
                                    </componentstyles>
                                </items>
                            </column>
                        </items>
                    </globalstyles>
                </items>
            </tabs>
        </items>
    </content>
</jcr:root>
