<?xml version="1.0" encoding="UTF-8"?>
<jcr:root xmlns:jcr="http://www.jcp.org/jcr/1.0" xmlns:nt="http://www.jcp.org/jcr/nt/1.0" xmlns:granite="http://www.adobe.com/jcr/granite/1.0" xmlns:cq="http://www.day.com/jcr/cq/1.0" xmlns:sling="http://sling.apache.org/jcr/sling/1.0"
    jcr:primaryType="nt:unstructured"
    jcr:title="Teaser"
    sling:resourceType="cq/gui/components/authoring/dialog"
    extraClientlibs="[core.wcm.components.teaser.v2.editor,core.wcm.components.image.v3.editor]"
    helpPath="https://www.adobe.com/go/aem_cmp_teaser_v2"
    trackingFeature="core-components:teaser:v2">
    <content
        granite:class="cmp-teaser__editor cmp-image__editor"
        jcr:primaryType="nt:unstructured"
        sling:resourceType="granite/ui/components/coral/foundation/container">
        <items jcr:primaryType="nt:unstructured">
            <tabs
                jcr:primaryType="nt:unstructured"
                sling:resourceType="granite/ui/components/coral/foundation/tabs">
                <items jcr:primaryType="nt:unstructured">
                    <cssstyles
                        jcr:primaryType="nt:unstructured"
                        jcr:title="CSS Styles"
                        sling:resourceType="granite/ui/components/coral/foundation/container"
                        margin="{Boolean}true">
                        <items jcr:primaryType="nt:unstructured">
                            <columns
                                jcr:primaryType="nt:unstructured"
                                sling:resourceType="granite/ui/components/coral/foundation/fixedcolumns"
                                margin="{Boolean}true">
                                <items jcr:primaryType="nt:unstructured">
                                    <column
                                        jcr:primaryType="nt:unstructured"
                                        sling:resourceType="granite/ui/components/coral/foundation/container">
                                        <items jcr:primaryType="nt:unstructured">
                                            <containerstyles
                                                jcr:primaryType="nt:unstructured"
                                                jcr:title="Container Styles"
                                                sling:resourceType="granite/ui/components/coral/foundation/form/fieldset">
                                                <items jcr:primaryType="nt:unstructured">
                                                    <bgcolor
                                                        cq:showOnCreate="true"
                                                        jcr:primaryType="nt:unstructured"
                                                        sling:resourceType="granite/ui/components/coral/foundation/form/colorfield"
                                                        fieldDescription="Select color for background."
                                                        fieldLabel="Container Background Color"
                                                        name="./bgcolor"
                                                        showDefaultColors="{Boolean}true"
                                                        showProperties="{Boolean}true"
                                                        showSwatches="{Boolean}true"
                                                        variant="swatch"/>
                                                    <borderstyle
                                                        granite:class="cq-dialog-dropdown-showhide"
                                                        jcr:primaryType="nt:unstructured"
                                                        sling:resourceType="granite/ui/components/coral/foundation/form/select"
                                                        fieldLabel="Container Border Style"
                                                        name="./ctborderstyle">
                                                        <granite:data
                                                            jcr:primaryType="nt:unstructured"
                                                            cq-dialog-dropdown-showhide-target=".list-option-listfrom-showhide-target"/>
                                                        <items jcr:primaryType="nt:unstructured">
                                                            <none
                                                                jcr:primaryType="nt:unstructured"
                                                                text="None"
                                                                value="none"/>
                                                            <solid
                                                                jcr:primaryType="nt:unstructured"
                                                                text="Solid"
                                                                value="solid"/>
                                                            <dashed
                                                                jcr:primaryType="nt:unstructured"
                                                                text="Dashed"
                                                                value="dashed"/>
                                                            <dotted
                                                                jcr:primaryType="nt:unstructured"
                                                                text="Dotted"
                                                                value="dotted"/>
                                                        </items>
                                                    </borderstyle>
                                                    <bordersize
                                                        jcr:primaryType="nt:unstructured"
                                                        sling:resourceType="granite/ui/components/coral/foundation/form/textfield"
                                                        fieldDescription="Enter valid css border size"
                                                        fieldLabel="Container Border Size"
                                                        name="./ctbordersize"/>
                                                    <borderradius
                                                        jcr:primaryType="nt:unstructured"
                                                        sling:resourceType="granite/ui/components/coral/foundation/form/textfield"
                                                        fieldDescription="Enter valid css radius size"
                                                        fieldLabel="Container Border Radius"
                                                        name="./bdrradius"/>
                                                    <bordercolor
                                                        cq:showOnCreate="true"
                                                        jcr:primaryType="nt:unstructured"
                                                        sling:resourceType="granite/ui/components/coral/foundation/form/colorfield"
                                                        fieldDescription="Select color for container border"
                                                        fieldLabel="Container Border Color"
                                                        name="./bordercolor"
                                                        showDefaultColors="{Boolean}true"
                                                        showProperties="{Boolean}true"
                                                        showSwatches="{Boolean}true"
                                                        variant="swatch"/>
                                                    <minsize
                                                        jcr:primaryType="nt:unstructured"
                                                        sling:resourceType="granite/ui/components/coral/foundation/form/textfield"
                                                        fieldDescription="Enter the minimum size for the container"
                                                        fieldLabel="Container Minimum Height in Pixels"
                                                        name="./ctminsize"/>
                                                </items>
                                            </containerstyles>
                                            <contentstyles
                                                jcr:primaryType="nt:unstructured"
                                                jcr:title="Content/Overlay Styles"
                                                sling:resourceType="granite/ui/components/coral/foundation/form/fieldset">
                                                <items jcr:primaryType="nt:unstructured">
                                                    <contentbg
                                                        cq:showOnCreate="true"
                                                        jcr:primaryType="nt:unstructured"
                                                        sling:resourceType="granite/ui/components/coral/foundation/form/colorfield"
                                                        fieldDescription="Enter Hex Code for the background color for content area"
                                                        fieldLabel="Overlay Background Color"
                                                        name="./contentbg"
                                                        showDefaultColors="{Boolean}true"
                                                        showProperties="{Boolean}true"
                                                        showSwatches="{Boolean}true"
                                                        variant="swatch"/>
                                                    <borderstyle
                                                        granite:class="cq-dialog-dropdown-showhide"
                                                        jcr:primaryType="nt:unstructured"
                                                        sling:resourceType="granite/ui/components/coral/foundation/form/select"
                                                        fieldLabel="Overaly Border Style"
                                                        name="./borderstyle">
                                                        <items jcr:primaryType="nt:unstructured">
                                                            <none
                                                                jcr:primaryType="nt:unstructured"
                                                                text="none"
                                                                value="none"/>
                                                            <solid
                                                                jcr:primaryType="nt:unstructured"
                                                                text="solid"
                                                                value="solid"/>
                                                            <dashed
                                                                jcr:primaryType="nt:unstructured"
                                                                text="dashed"
                                                                value="dashed"/>
                                                            <dotted
                                                                jcr:primaryType="nt:unstructured"
                                                                text="dotted"
                                                                value="dotted"/>
                                                        </items>
                                                        <granite:data
                                                            jcr:primaryType="nt:unstructured"
                                                            cq-dialog-dropdown-showhide-target=".list-option-listfrom-showhide-target"/>
                                                    </borderstyle>
                                                    <bordersize
                                                        jcr:primaryType="nt:unstructured"
                                                        sling:resourceType="granite/ui/components/coral/foundation/form/textfield"
                                                        fieldDescription="Enter valid css border size"
                                                        fieldLabel="Overlay Border Size"
                                                        name="./bordersize"/>
                                                    <borderradius
                                                        jcr:primaryType="nt:unstructured"
                                                        sling:resourceType="granite/ui/components/coral/foundation/form/textfield"
                                                        fieldDescription="Enter valid css radius size"
                                                        fieldLabel="Overlay Border Radius"
                                                        name="./radius"/>
                                                    <bordercolor
                                                        cq:showOnCreate="true"
                                                        jcr:primaryType="nt:unstructured"
                                                        sling:resourceType="granite/ui/components/coral/foundation/form/colorfield"
                                                        fieldDescription="Select color for overlay border"
                                                        fieldLabel="Overlay Border Color"
                                                        name="./cntbdrcolor"
                                                        showDefaultColors="{Boolean}true"
                                                        showProperties="{Boolean}true"
                                                        showSwatches="{Boolean}true"
                                                        variant="swatch"/>
                                                    <pretitlecolor
                                                        cq:showOnCreate="true"
                                                        jcr:primaryType="nt:unstructured"
                                                        sling:resourceType="granite/ui/components/coral/foundation/form/colorfield"
                                                        fieldDescription="Enter Hex Code for the description text"
                                                        fieldLabel="Pretitle Text Color"
                                                        name="./pretitlecolor"
                                                        showDefaultColors="{Boolean}true"
                                                        showProperties="{Boolean}true"
                                                        showSwatches="{Boolean}true"
                                                        variant="swatch"/>
                                                    <pretitlefontsize
                                                        jcr:primaryType="nt:unstructured"
                                                        sling:resourceType="granite/ui/components/coral/foundation/form/textfield"
                                                        fieldDescription="Enter valid css size"
                                                        fieldLabel="Pretitle Font Size"
                                                        name="./pretitlefontsize"/>
                                                    <titlecolor
                                                        cq:showOnCreate="true"
                                                        jcr:primaryType="nt:unstructured"
                                                        sling:resourceType="granite/ui/components/coral/foundation/form/colorfield"
                                                        fieldDescription="Enter Hex Code for the description text"
                                                        fieldLabel="Title Text Color"
                                                        name="./titlecolor"
                                                        showDefaultColors="{Boolean}true"
                                                        showProperties="{Boolean}true"
                                                        showSwatches="{Boolean}true"
                                                        variant="swatch"/>
                                                    <titlefontsize
                                                        jcr:primaryType="nt:unstructured"
                                                        sling:resourceType="granite/ui/components/coral/foundation/form/textfield"
                                                        fieldDescription="Enter valid css font size"
                                                        fieldLabel="Title Font Size"
                                                        name="./titlefontsize"/>
                                                    <descolor
                                                        cq:showOnCreate="true"
                                                        jcr:primaryType="nt:unstructured"
                                                        sling:resourceType="granite/ui/components/coral/foundation/form/colorfield"
                                                        fieldDescription="Enter Hex Code for the description text"
                                                        fieldLabel="Description Text Color"
                                                        name="./descolor"
                                                        showDefaultColors="{Boolean}true"
                                                        showProperties="{Boolean}true"
                                                        showSwatches="{Boolean}true"
                                                        variant="swatch"/>
                                                    <descfontsize
                                                        jcr:primaryType="nt:unstructured"
                                                        sling:resourceType="granite/ui/components/coral/foundation/form/textfield"
                                                        fieldDescription="Enter valid css font size"
                                                        fieldLabel="Description Font Size "
                                                        name="./descfontsize"/>
                                                    <minsize
                                                        jcr:primaryType="nt:unstructured"
                                                        sling:resourceType="granite/ui/components/coral/foundation/form/textfield"
                                                        fieldDescription="Enter the minimum size for the overlay container"
                                                        fieldLabel="Container Minimum Height in Pixels"
                                                        name="./minsize"/>
                                                </items>
                                            </contentstyles>
                                            <buttonstyles
                                                jcr:primaryType="nt:unstructured"
                                                jcr:title="Button Styles"
                                                sling:resourceType="granite/ui/components/coral/foundation/form/fieldset">
                                                <items jcr:primaryType="nt:unstructured">
                                                    <btnbgcolor
                                                        cq:showOnCreate="true"
                                                        jcr:primaryType="nt:unstructured"
                                                        sling:resourceType="granite/ui/components/coral/foundation/form/colorfield"
                                                        fieldDescription="Enter Hex Code for the background color for content area"
                                                        fieldLabel="CTA Background Color"
                                                        name="./btnbgcolor"
                                                        showDefaultColors="{Boolean}true"
                                                        showProperties="{Boolean}true"
                                                        showSwatches="{Boolean}true"
                                                        variant="swatch"/>
                                                    <btntxtcolor
                                                        cq:showOnCreate="true"
                                                        jcr:primaryType="nt:unstructured"
                                                        sling:resourceType="granite/ui/components/coral/foundation/form/colorfield"
                                                        fieldDescription="Enter Hex Code for button text color"
                                                        fieldLabel="Button Text Color"
                                                        name="./btntxtcolor"
                                                        showDefaultColors="{Boolean}true"
                                                        showProperties="{Boolean}true"
                                                        showSwatches="{Boolean}true"
                                                        variant="swatch"/>
                                                </items>
                                            </buttonstyles>
                                        </items>
                                    </column>
                                </items>
                            </columns>
                        </items>
                    </cssstyles>
                </items>
            </tabs>
        </items>
    </content>
</jcr:root>
